timestamp,acc_x,acc_y,acc_z,gyro_x,gyro_y,gyro_z
461.031,0.0137278,-0.163256,-9.69426,-0.000829393,-0.000208987,-0.000503351
461.038,-0.00890673,-0.178017,-9.67708,-0.000264694,-0.000768262,-0.000431881
461.044,0.00943931,-0.173461,-9.65251,-0.000429237,0.000864353,-0.000265897
461.05,0.00565413,-0.169308,-9.66084,0.00015559,0.000264325,-0.000975178
461.056,0.000772094,-0.178833,-9.67793,-0.000122528,-0.000810775,-0.000597841
461.063,0.0404343,-0.173112,-9.65584,0.000700121,-0.00100193,-0.000266995
461.069,0.00713742,-0.154062,-9.6518,-0.000297901,0.000337446,-1.49803e-05
461.075,0.0223429,-0.186165,-9.64003,0.000304075,0.000582187,-0.000982603
461.081,0.0122988,-0.17768,-9.65632,-0.00069399,0.00053529,-0.000312801
461.088,0.00291185,-0.190278,-9.6262,-0.000132025,6.24092e-05,0.000153091
461.094,-0.00182766,-0.168706,-9.67509,0.000248559,0.000613744,-0.000529611
461.1,0.0194367,-0.174437,-9.66256,0.00044261,-0.000953941,0.000429233
461.106,0.0298242,-0.142625,-9.65607,0.00066059,-2.95054e-05,-0.000568009
461.113,0.0172912,-0.159035,-9.67504,6.41472e-05,-0.000240975,-0.000751988
461.119,0.00895591,-0.179882,-9.65925,-0.000620395,-0.000964894,-0.000364984
461.125,0.0163036,-0.175003,-9.63812,0.000683241,-0.000176928,-0.000663936
461.131,-0.000715264,-0.183788,-9.61989,-0.00157289,-0.000424933,-0.00102337
461.138,-0.000790209,-0.177377,-9.65894,0.000106521,0.000207912,-0.00112226
461.144,0.00881068,-0.15847,-9.65027,0.00106903,-0.000206017,-0.000225799
461.15,0.00363658,-0.168378,-9.6339,0.0009201,-9.97707e-05,-0.000780971
461.156,0.0252684,-0.176409,-9.66815,-0.00072151,-0.000672027,-0.000200461
461.163,0.0084038,-0.187128,-9.66186,-0.000660436,-0.000490621,-0.000506956
461.169,0.0126566,-0.170037,-9.67315,0.00127043,0.00104376,-0.000284419
461.175,0.00813519,-0.179481,-9.67014,-0.00119909,0.000546798,0.000845577
461.181,0.00509122,-0.186154,-9.65938,-4.7303e-05,-0.000315751,-0.00141557
461.188,0.0189833,-0.166132,-9.68793,-0.000386167,0.000521696,-0.00128818
461.194,0.0347123,-0.168586,-9.6229,9.13041e-05,0.000228361,0.000409103
461.2,0.0294838,-0.170181,-9.65039,0.000658162,0.000276631,-0.000226388
461.206,0.00688576,-0.173303,-9.65154,0.000901124,-0.000200511,0.000235788
461.213,0.0150199,-0.173335,-9.66919,0.000260701,0.00129891,-0.000354381
461.219,0.000868089,-0.172656,-9.64642,0.000856046,-2.91531e-05,-0.000490464
461.225,0.0229198,-0.173203,-9.65423,0.000558251,0.000208332,9.58955e-05
461.231,0.0209986,-0.189645,-9.65672,-0.00069655,0.00131633,-0.000185329
461.238,0.0138807,-0.169575,-9.61732,0.00160141,-0.00165236,0.000508737
461.244,0.00103023,-0.173351,-9.65033,0.00129679,0.000553619,0.000342811
461.25,0.0194528,-0.180368,-9.64214,0.000154454,0.000430783,0.000278767
461.256,0.0240803,-0.156063,-9.64657,0.000357755,-0.000267062,-0.000381866
461.263,0.043946,-0.175964,-9.69236,-0.000240473,0.000154548,0.000384951
461.269,0.0221076,-0.181734,-9.66218,-0.00103229,-0.000904498,-0.000668197
461.275,-0.00593879,-0.166014,-9.66162,-0.000189789,-0.00107672,-0.00081713
461.281,0.0207511,-0.173269,-9.63264,0.000351207,0.000718619,-0.00136062
461.288,0.011666,-0.147686,-9.65294,0.000371411,3.38713e-05,-0.00121692
461.294,0.0318893,-0.178065,-9.66275,0.00043898,0.000259064,-0.000779503
461.3,0.0254056,-0.188968,-9.60476,-0.000852208,-0.000774679,0.000143602
461.306,0.00303956,-0.186357,-9.64559,7.53249e-05,-0.00026999,-0.000843702
461.313,0.0239461,-0.167118,-9.63698,7.37505e-05,0.000270519,0.00018331
461.319,-0.00410632,-0.191852,-9.64551,-0.000300137,0.000122281,-0.000187364
461.325,0.0170596,-0.191988,-9.62541,0.000594044,-0.000624909,-0.000263517
461.331,0.00714997,-0.171994,-9.64073,0.000891197,-0.000128996,-0.0011946
461.338,3.21353e-06,-0.159213,-9.66652,0.000167221,-0.000889984,0.000659448
461.344,0.000805424,-0.168205,-9.66578,0.0011112,-3.30413e-05,-0.00106166
461.35,0.0143386,-0.173782,-9.65061,-0.000724656,0.000776667,-1.00629e-05
461.356,-0.00703208,-0.185076,-9.6541,-0.000137023,-0.000250321,-0.000117904
461.363,0.0247729,-0.164676,-9.60832,0.000150495,9.00986e-05,-0.000118895
461.369,0.013929,-0.179331,-9.66408,0.000886295,0.000385907,-0.0010997
461.375,0.0255168,-0.172378,-9.68371,0.000577675,0.000519823,0.000453104
461.381,0.0234355,-0.164037,-9.66681,0.000742192,-0.00106845,0.000759737
461.388,0.0388468,-0.169291,-9.67132,0.000224133,0.000698861,1.95522e-05
461.394,0.02901,-0.175555,-9.62982,0.00031203,0.000518951,0.000610719
461.4,0.0111264,-0.165898,-9.67153,0.000246773,0.000219293,0.000423882
461.406,0.0308057,-0.178561,-9.62858,-0.000375764,-0.000205002,0.00022435
461.413,0.0174254,-0.178525,-9.62972,-0.000724176,0.00117578,-0.000940307
461.419,0.0150804,-0.187021,-9.62997,0.000237312,0.000709877,-0.000814252
461.425,0.0195126,-0.166242,-9.65198,-0.00124859,0.000867333,-0.000325191
461.431,0.023833,-0.174529,-9.66098,0.00083361,-0.000450832,-0.000169409
461.438,0.0303265,-0.178674,-9.66679,7.06464e-05,0.000378185,-0.000536134
461.444,0.0129233,-0.174637,-9.64648,-0.00164121,0.000586636,0.000190861
461.45,0.0239033,-0.173271,-9.66016,0.000223834,-0.000175902,-0.000683851
461.456,0.000919163,-0.209841,-9.65172,-0.000708578,0.00193479,-0.000576895
461.463,0.0192222,-0.170844,-9.64907,0.000102574,-0.000179899,-0.00244213
461.469,0.0142762,-0.18988,-9.65202,-0.000470761,-0.000367187,-0.000122205
461.475,0.0147002,-0.172506,-9.64974,0.00129386,-0.000544262,-0.00018602
461.481,0.00543364,-0.182449,-9.66199,0.00027704,0.00076438,-0.000760653
461.488,0.0264262,-0.178019,-9.6345,-0.00096483,0.000462187,0.00040256
461.494,-0.0125431,-0.192075,-9.66597,0.00084083,-0.000296916,-0.000459233
461.5,-0.000545882,-0.169259,-9.61659,-0.000386627,-0.000772911,-0.00150508
461.506,0.0100441,-0.1923,-9.67732,-0.000337335,-0.000901664,-0.000605279
461.513,0.0448954,-0.185606,-9.66439,0.000594753,-0.00114875,-0.000125692
461.519,-0.00454151,-0.179975,-9.6544,-0.000213917,0.000159717,-0.000226135
461.525,0.0393165,-0.177266,-9.6712,-0.000760386,6.44271e-05,0.000330849
461.531,0.0207229,-0.187673,-9.66431,-0.00132631,-0.000620825,-0.000344178
461.538,0.0126184,-0.178981,-9.61586,-0.00153174,-0.000519278,0.000587169
461.544,0.00436997,-0.158638,-9.62181,0.000107497,0.000471102,-3.47169e-05
461.55,0.0284794,-0.161683,-9.60839,0.000474646,0.000395343,0.00077946
461.556,0.019148,-0.160254,-9.68337,-0.000128085,-7.6533e-05,-0.000200496
461.563,0.00431924,-0.167932,-9.62362,0.000216907,7.99079e-05,-0.00182365
461.569,0.0172852,-0.184732,-9.62108,-1.01358e-05,6.55123e-05,-0.000377052
461.575,0.0336921,-0.186731,-9.61059,0.000418938,-0.000723152,-0.000875591
461.581,0.0202453,-0.175609,-9.6644,0.000309215,-0.00062237,-0.00141786
461.588,0.0345942,-0.166462,-9.65826,0.000518444,3.3906e-07,-0.000367273
461.594,0.0147185,-0.168456,-9.6582,-0.000473901,8.81914e-05,-0.000933154
461.6,0.00290582,-0.176318,-9.65162,-0.0005133,-0.000673779,-0.000309385
461.606,0.0103999,-0.208717,-9.67567,-0.000376108,-0.000654738,0.000248848
461.613,0.00797905,-0.187622,-9.67244,-0.00105906,-0.00094385,-0.00100294
461.619,0.0265311,-0.171042,-9.62036,-0.000348972,2.94975e-05,-0.00147078
461.625,0.00894833,-0.135971,-9.65076,0.0012724,0.000290269,-0.00147637
461.631,0.0103766,-0.166602,-9.69514,0.000765524,5.00162e-05,-0.000434721
461.638,0.0123747,-0.194668,-9.66579,0.000797936,-0.00115824,-0.000242912
461.644,0.00633478,-0.181403,-9.60949,-0.000606578,-0.000740433,0.000185306
461.65,0.0224512,-0.181311,-9.65312,0.000713963,0.00137434,0.00022441
461.656,0.0418551,-0.181486,-9.66659,0.000628494,0.000190582,-0.00153349
461.663,-0.00661935,-0.190966,-9.68361,-0.000175388,-0.000349812,-0.000884145
461.669,0.0145473,-0.163216,-9.62114,-0.000999914,0.00059383,-6.0413e-05
461.675,0.00505912,-0.180204,-9.63039,-0.000665725,-0.000596454,-0.00067152
461.681,0.0181382,-0.165766,-9.64536,0.00103092,-8.54597e-05,-0.000630002
461.688,0.0244129,-0.164026,-9.68054,0.000473033,-0.00115492,0.000369192
461.694,0.0150631,-0.183471,-9.66032,-0.00129905,-0.000890411,0.000282461
461.7,0.0300602,-0.193475,-9.63471,-5.28293e-06,0.000243636,0.000100614
461.706,0.0150713,-0.186165,-9.65699,0.000183582,0.000196463,-0.000555028
461.713,0.0244959,-0.178236,-9.68418,0.000701659,0.000392364,-0.00196584
461.719,0.00800953,-0.179281,-9.65934,-0.000273863,-0.000263779,-0.000299117
461.725,0.0345111,-0.178735,-9.69308,-0.000344113,-0.00121182,-0.000753176
461.731,-0.00157623,-0.148823,-9.56304,0.00107511,0.000344313,-0.0014796
461.738,-0.0104431,-0.17449,-9.61604,-6.72082e-05,-0.000469729,7.05775e-05
461.744,-0.0176307,-0.170299,-9.64384,0.00131567,0.00195871,2.03084e-05
461.75,0.0177127,-0.171339,-9.65938,-0.00109345,-0.00165328,-0.00169812
461.756,0.00257535,-0.194845,-9.69459,0.00172545,-0.00015284,-0.000532539
461.763,-0.00920927,-0.165083,-9.56032,-3.43986e-05,-0.00145116,0.000288972
461.769,0.0107354,-0.19037,-9.72163,3.97877e-05,-6.78236e-05,-0.000589746
461.775,0.0167106,-0.169768,-9.59485,-5.01699e-05,-0.000632132,-0.000344005
461.781,0.0394876,-0.189597,-9.72779,-0.00145257,-7.76821e-05,-0.000407985
461.788,0.0340548,-0.172855,-9.5913,-0.000338783,0.000323188,-0.00183486
461.794,-0.00848235,-0.18394,-9.65236,-0.00196069,-0.000966868,0.00102791
461.8,0.0240144,-0.171268,-9.61203,-4.75626e-06,0.00128159,-0.000776063
461.806,0.0113617,-0.178992,-9.65516,-6.0518e-05,-0.000271281,-0.00235667
461.813,0.0287789,-0.197977,-9.67557,0.000412137,0.000269095,2.04323e-05
461.819,0.0065546,-0.162089,-9.67396,0.00040666,-0.000292557,-0.00124166
461.825,0.0194217,-0.185505,-9.65177,0.000339733,8.12885e-05,-3.04207e-05
461.831,0.0178591,-0.177346,-9.64278,-0.000764878,0.00053924,-0.00156427
461.838,0.0188586,-0.167948,-9.67618,-0.000489134,-0.00139679,-0.00028192
461.844,0.00922153,-0.16787,-9.59911,0.000537165,-0.000731322,0.000251069
461.85,0.0371387,-0.161067,-9.64735,-0.000348161,0.000153406,-4.43868e-06
461.856,0.0295887,-0.15306,-9.67621,-0.000302703,0.000199404,2.74219e-05
461.863,0.0146396,-0.167016,-9.68766,-0.000946243,-0.00155378,-5.89965e-05
461.869,0.0297266,-0.17546,-9.63887,-0.000483882,-0.000167468,-0.000337726
461.875,0.00634237,-0.167589,-9.65652,0.000536756,0.000655756,-0.00127199
461.881,0.0348538,-0.167573,-9.63995,-0.00127887,-0.000499214,-0.000708626
461.888,-0.00346117,-0.185145,-9.66062,-0.000143227,-0.000602282,-0.000539443
461.894,0.0203277,-0.15947,-9.62591,-0.000875934,0.000120849,-0.000248467
461.9,0.0280096,-0.173219,-9.62941,-0.000408905,-0.000198598,-0.000791763
461.906,0.00804265,-0.172245,-9.64823,0.00119985,0.000631087,-0.000770508
461.913,0.0285705,-0.165854,-9.65699,-0.000951566,0.000554921,-0.00121029
461.919,0.00710247,-0.179975,-9.68091,-0.000105238,-0.00160277,-0.00183578
461.925,0.00280522,-0.192422,-9.62362,-0.00195288,-0.000658358,-0.000759317
461.931,0.000713507,-0.151554,-9.6582,0.000755794,-0.00106354,-0.000484723
461.938,-0.00677035,-0.151083,-9.66593,-0.00120367,-0.000211361,0.000143628
461.944,0.0209477,-0.176478,-9.67528,0.000625304,0.000837895,-0.00176685
461.95,0.0241242,-0.176381,-9.65876,-0.000653948,7.6483e-05,0.000373886
461.956,0.00401101,-0.178078,-9.6354,0.000215783,0.000442032,-0.000112602
461.963,0.0113418,-0.173547,-9.66143,0.000140136,0.000812853,6.40247e-05
461.969,-0.00259638,-0.176803,-9.64581,-0.000177959,-0.00024631,-0.00117965
461.975,0.0273189,-0.190037,-9.69118,-0.000176009,0.000300624,0.000266949
461.981,0.0163261,-0.169497,-9.6756,0.000452931,-0.000182867,0.000521537
461.988,0.0346126,-0.181869,-9.66333,0.00130414,9.48047e-05,-0.000971723
461.994,0.0169882,-0.19332,-9.66227,-0.000109994,-0.000130646,0.000110049
462.006,0.0129037,-0.186146,-9.64545,-0.00072873,0.00113428,6.84671e-05
462.013,0.0068729,-0.180737,-9.67097,0.00126541,0.000562312,-0.000703662
462.019,0.0204482,-0.172488,-9.63191,-0.000257902,-0.000219443,4.57978e-05
462.025,0.0347824,-0.182173,-9.66375,0.000531557,0.000290886,-0.00027453
462.031,-0.00490051,-0.165094,-9.62151,-2.01112e-05,-0.000618739,-0.00126244
462.038,0.0305142,-0.163906,-9.63646,0.000474114,2.31057e-05,-0.000992536
462.044,0.0145566,-0.178429,-9.65826,0.000396169,-0.000552986,-0.000157609
462.05,0.0465936,-0.169303,-9.67984,-0.000914549,-0.000216125,0.000211279
462.056,0.00307763,-0.158502,-9.66722,-0.000838336,-0.000391967,-0.00144212
462.063,0.012745,-0.171729,-9.61979,-0.000244987,-0.000475781,-0.00164708
462.069,0.0158788,-0.186775,-9.66603,-0.00144272,-0.000245345,-0.00146535
462.075,-0.00748556,-0.194403,-9.6511,-0.000383907,0.000488375,-0.000451973
462.081,0.00760114,-0.159529,-9.68174,-0.000315281,0.000264435,-7.16094e-06
462.088,0.019345,-0.161771,-9.6451,8.48656e-05,-0.000273956,-0.000803399
462.094,-0.000411355,-0.180243,-9.66004,-0.000716689,-0.000353975,0.00046927
462.1,0.0307637,-0.162263,-9.6378,-6.8184e-05,-0.000100991,-0.00153957
462.106,0.0350256,-0.181419,-9.65311,0.000378258,0.000465754,0.00070778
462.113,0.003389,-0.180877,-9.65706,7.48839e-05,-0.000563082,-0.00108843
462.119,0.0164949,-0.164536,-9.64822,-0.000966179,0.000653497,-8.42633e-05
462.125,0.00850196,-0.174138,-9.66282,-0.00042082,-0.000400608,3.60906e-05
462.131,0.00475546,-0.184783,-9.6684,0.00149978,-0.00198824,-0.000473733
462.138,0.0270799,-0.17609,-9.63425,-0.000863018,-0.000437063,-0.000943849
462.144,0.00518968,-0.16865,-9.61842,-0.000505788,-0.000208811,0.000730824
462.15,0.0198976,-0.174405,-9.634,-0.000945397,0.00061383,-0.000546538
462.156,0.0190812,-0.177951,-9.63828,0.000468127,-4.98036e-05,-0.00146261
462.163,0.0221901,-0.178266,-9.64482,0.000764398,3.63598e-05,-0.000716496
462.169,0.0305898,-0.15942,-9.64002,0.000105682,0.00111285,0.000596651
462.175,-0.00815939,-0.151503,-9.6535,-0.000647635,-0.00144028,-0.000502362
462.181,0.0207755,-0.169972,-9.65053,0.00136033,0.00054393,-0.000736828
462.188,0.00240015,-0.187541,-9.62405,0.000688035,0.000438378,-9.05674e-05
462.194,0.0243875,-0.17279,-9.65775,-0.000277258,-0.000227879,-0.00224294
462.2,0.0266693,-0.193491,-9.64509,-0.000667906,0.000284782,-0.000268706
462.206,0.0191231,-0.187624,-9.65601,-0.000500516,0.000146796,-0.000628957
462.213,0.00571869,-0.156228,-9.66371,-0.000344346,-0.00036849,0.000779943
462.219,0.00871142,-0.153598,-9.66245,1.63703e-06,0.000331799,-0.000618173
462.225,0.0116599,-0.182215,-9.63432,-0.000274693,-0.000129847,-0.00141553
462.231,0.0304685,-0.184351,-9.67141,-0.00129342,-0.000190006,0.000126621
462.238,0.0100081,-0.190362,-9.65707,2.62784e-05,0.000719048,-0.000125146
462.244,0.0102608,-0.180976,-9.65226,-0.00012097,0.000519277,-0.00094879
462.25,0.00301621,-0.172971,-9.59734,-0.00113406,-0.000476283,-0.000685178
462.256,-0.00111299,-0.178117,-9.63987,-0.000121555,0.000148189,-0.000319067
462.263,-0.00750292,-0.211032,-9.68214,0.000574857,0.000968119,-0.000176545
462.269,0.00245178,-0.167515,-9.67246,-0.00229336,-2.3909e-05,0.0014457
462.275,0.00803182,-0.171076,-9.68048,0.000982332,0.00177019,-0.00093021
462.281,0.017131,-0.192167,-9.67531,-0.000175199,0.000658501,-0.000533366
462.288,0.0169401,-0.158622,-9.68852,-0.00100741,-0.000331895,-0.000925605
462.294,0.0137976,-0.185545,-9.68512,-0.00171278,-0.000473614,-0.000827488
462.3,0.00451951,-0.162552,-9.65408,0.00107603,-0.000285889,0.00045162
462.306,0.0206578,-0.187395,-9.65815,0.000257031,-7.49344e-05,9.78736e-05
462.313,0.0297988,-0.167316,-9.66866,0.000941258,7.95045e-05,-9.19597e-05
462.319,0.0222404,-0.171928,-9.64916,-0.000425339,-4.46628e-05,0.000367589
462.325,0.0410479,-0.171513,-9.62629,-0.000418386,7.66828e-07,-0.000445596
462.331,0.0119847,-0.1625,-9.64949,0.000749459,5.75187e-05,-0.00103741
462.338,0.0296345,-0.184,-9.65475,0.000131788,-0.000733886,-0.000142225
462.344,0.0159816,-0.165097,-9.65469,-0.000624655,-0.000311342,-0.001283
462.35,0.0207076,-0.160774,-9.64251,-9.15122e-05,0.000354559,-0.000685128
462.356,0.0146454,-0.146562,-9.61145,-0.00088373,0.0011632,-0.00106474
462.363,0.0147991,-0.17303,-9.66996,-0.00037086,-0.000427832,-0.000910216
462.369,0.00908989,-0.190759,-9.64168,-0.000577639,0.00101673,-0.000948235
462.375,0.0097535,-0.150933,-9.65543,0.000451219,-0.000295329,-0.00170768
462.381,0.00184857,-0.168509,-9.66374,0.000700948,-0.001663,-5.13345e-06
462.388,0.0166929,-0.203041,-9.66296,-0.000785817,0.00100145,7.90972e-05
462.394,0.00122657,-0.159756,-9.65894,-4.56693e-05,-0.000737263,-0.000576722
462.4,0.0237744,-0.182966,-9.65663,7.07388e-05,-0.000116933,-0.000101792
462.406,0.00125759,-0.147967,-9.66945,0.0013447,-0.00104893,-0.000204214
462.413,-0.000685888,-0.171048,-9.63201,-0.000700166,0.00123665,2.87537e-05
462.419,0.025061,-0.1829,-9.65781,0.000427802,0.00120191,-0.000418706
462.425,-0.00401786,-0.1797,-9.64426,-0.000370865,-0.000182168,-6.01076e-06
462.431,0.0296405,-0.200555,-9.64332,0.000755914,0.00197835,-0.000544912
462.438,0.0324844,-0.179086,-9.66999,0.000324691,-0.000730336,-7.51968e-05
462.444,0.00537735,-0.167959,-9.631,0.000556144,-0.00113901,-0.000107862
462.45,0.0118527,-0.179775,-9.66232,6.96676e-06,0.0001629,2.06484e-05
462.456,0.0241087,-0.167077,-9.64744,0.000157124,-0.00140517,-0.00046664
462.463,0.0136901,-0.168928,-9.68627,-5.95937e-05,0.000386717,-0.000216893
462.469,0.023718,-0.1632,-9.65393,-7.42532e-05,0.00137677,-0.000547272
462.475,0.0223784,-0.174436,-9.64593,0.00089692,0.00125017,-0.000979328
462.481,0.00307761,-0.18571,-9.61563,-0.000812175,8.22724e-05,-0.00100554
462.488,0.0186088,-0.173969,-9.67121,-0.000407775,-0.000336196,-6.12596e-05
462.494,0.0168496,-0.164133,-9.64906,0.00032789,-0.000163492,-0.000769676
462.5,0.024478,-0.194216,-9.65346,-0.000440855,0.0006407,-1.72388e-06
462.506,0.0276509,-0.143863,-9.67889,-0.000364105,0.000874164,-0.000558341
462.513,0.0207957,-0.176607,-9.66993,-0.000275589,-0.000907248,-0.00163683
462.519,0.0420435,-0.162756,-9.62366,0.000526515,0.000838778,-0.000671411
462.525,-0.00324432,-0.183201,-9.63806,7.38646e-05,0.000263329,0.00118617
462.531,0.000833485,-0.162407,-9.61031,-0.000845629,0.00160865,-0.000805829
462.538,0.0246783,-0.216748,-9.65771,0.000538158,-0.000830647,-0.000831981
462.544,0.0249816,-0.189587,-9.62778,-0.00024016,0.000641072,-0.000877322
462.55,0.0183964,-0.168269,-9.64901,-0.000231571,-0.000565948,-3.23122e-05
462.556,0.0460033,-0.169642,-9.64461,0.0010592,-0.000505549,-0.000265337
462.563,0.0165749,-0.179236,-9.672,-0.000595548,0.000244545,-0.000727115
462.569,0.0131982,-0.186709,-9.6568,0.000386101,7.37503e-06,2.19066e-05
462.575,0.0105446,-0.189743,-9.64647,-0.000312371,-0.000944768,6.21825e-05
462.581,0.00668437,-0.167015,-9.64533,-0.000421359,-0.000189543,-0.0017536
462.588,0.0161946,-0.174643,-9.66358,0.000610681,0.000429302,-0.000512029
462.594,0.0156982,-0.157987,-9.63836,-0.000590627,0.000626213,-0.00043662
462.6,0.0382389,-0.170471,-9.67735,-0.000552056,0.000104792,-0.00075953
462.606,0.00596783,-0.188853,-9.66063,0.000868427,-0.000138944,-0.000821104
462.613,0.0224014,-0.194211,-9.65383,3.68068e-05,0.000430722,0.000290398
462.619,0.0351697,-0.174083,-9.64508,-5.96396e-05,-0.000861279,-0.000640822
462.625,0.00206332,-0.163833,-9.66783,-0.000167342,0.000135083,-0.000282026
462.631,0.0183957,-0.167508,-9.65816,6.62054e-05,0.000645436,-0.000773425
462.638,0.00503138,-0.188276,-9.66353,-0.000649136,-0.000680591,0.000194259
462.644,0.0211689,-0.174821,-9.65921,-0.00132875,0.000162104,-0.000528497
462.65,0.00591145,-0.164666,-9.68881,-0.000338104,8.25467e-05,-0.000267098
462.656,0.0238613,-0.16406,-9.70244,0.000247068,0.000704221,-0.000446654
462.663,0.0218712,-0.181141,-9.65431,0.000662892,0.00105302,0.000210499
462.669,0.00927822,-0.176019,-9.65149,-0.000713184,-0.000237531,-5.87385e-05
462.675,0.000121441,-0.14218,-9.64361,-0.00022292,0.000302432,-0.000902372
462.681,0.0238045,-0.159944,-9.64116,-0.00094083,0.000363587,-0.000569506
462.688,0.00301393,-0.172412,-9.66146,-0.000601571,0.000195904,-0.000232562
462.694,0.013526,-0.183131,-9.63304,0.000149252,0.000226471,-0.000271862
462.7,0.0226156,-0.182701,-9.64329,-0.000308449,-0.000828417,-0.00116522
462.706,0.00593208,-0.180037,-9.64888,0.000499588,0.000750229,-0.000195934
462.713,0.0225605,-0.186007,-9.62344,-0.000953598,0.00071044,0.000135165
462.719,-0.00526479,-0.162686,-9.67422,0.00122045,-0.000858884,-0.000141427
462.725,0.0186516,-0.15648,-9.67437,-0.000394429,-0.000750482,-0.000578897
462.731,0.0206413,-0.17491,-9.60503,0.000331641,0.00115647,-0.0010674
462.738,0.0116699,-0.172731,-9.63698,0.000658185,0.000538354,-0.000404957
462.744,0.00232542,-0.152114,-9.70614,-0.000365386,0.000861487,-0.000569504
462.75,0.0182051,-0.171636,-9.68687,0.000478184,-0.000740605,-0.000181323
462.756,-0.00144353,-0.193041,-9.63766,-0.000863589,-0.00109262,-0.00120315
462.763,0.0105117,-0.165115,-9.61097,0.00149832,0.000756653,0.000201201
462.769,0.0109047,-0.166391,-9.65028,0.00176515,0.000956016,-0.000927403
462.775,0.0402066,-0.148742,-9.64833,-0.00155294,-0.000273275,-0.000449114
462.781,0.00718233,-0.179796,-9.65145,-0.00186375,0.000222296,0.000179
462.788,0.020251,-0.174052,-9.63306,-0.000464886,-0.00072113,0.00102121
462.794,0.0271349,-0.151385,-9.60874,0.000828612,0.000137323,-0.000995696
462.8,-0.0152243,-0.17453,-9.68028,0.00124362,3.79281e-07,-4.96013e-05
462.806,0.0115764,-0.164623,-9.66845,0.00089984,-0.000873062,-0.00139059
462.813,0.0239921,-0.169345,-9.67254,-0.00087677,0.000166465,-0.000199375
462.819,0.015971,-0.175496,-9.66478,0.000680208,-0.000333313,-0.00063752
462.825,0.0165854,-0.168529,-9.65035,0.000425253,9.37679e-05,-0.000549781
462.831,0.0152119,-0.164531,-9.68431,-0.000530927,0.000510729,-0.000258218
462.838,-0.00622529,-0.178659,-9.63836,-0.000872217,-0.000477874,-0.000733708
462.844,-0.0116732,-0.174975,-9.62763,0.000474507,-0.000611584,-0.000423017
462.85,0.02199,-0.182003,-9.65815,0.000553459,0.00064106,-0.00086896
462.856,0.00688034,-0.165143,-9.64154,-0.000274691,-0.000485948,-0.00107391
462.863,0.0185166,-0.164711,-9.65972,-0.000621058,-0.000168909,-0.00149501
462.869,0.0115346,-0.181196,-9.69314,-0.000656191,0.000145299,-0.00113048
462.875,0.00401904,-0.183621,-9.63917,-0.000941525,0.0014845,-0.000460916
462.881,0.0255549,-0.197304,-9.64787,0.000463169,0.000105172,0.000197034
462.888,0.00172337,-0.163509,-9.6465,-0.000448711,-0.000742059,-0.000390555
462.894,0.00521604,-0.157743,-9.64236,-0.00131166,-0.000613149,0.000185304
462.9,0.0197048,-0.168352,-9.6297,-0.000698905,-0.000238121,0.000755883
462.906,0.00711597,-0.163167,-9.63111,-0.00110038,0.000207383,4.27132e-05
462.913,0.019008,-0.195241,-9.66319,0.00093702,0.000565778,0.00095317
462.919,0.0198052,-0.179747,-9.63854,0.000448268,0.000813187,-0.000935939
462.925,0.00169007,-0.183794,-9.68148,0.001411,-3.31288e-05,-0.000503466
462.931,0.0211285,-0.176035,-9.63786,-0.00080613,0.000207621,-0.00101144
462.938,0.0166999,-0.176584,-9.63938,-0.000824049,-0.000881191,9.19802e-05
462.944,0.0228209,-0.167654,-9.60737,0.000186791,-0.000122135,-0.00056812
462.95,0.00419476,-0.184627,-9.61365,0.000750083,-0.000321479,0.000854412
462.956,0.0233575,-0.183693,-9.62362,0.000301728,-0.000184954,-0.000500205
462.963,0.000590595,-0.159698,-9.64943,3.54946e-05,0.000312005,8.71364e-05
462.969,0.0101279,-0.182549,-9.62533,0.000655594,0.000621289,0.000197656
462.975,0.0168006,-0.175128,-9.65329,-3.39863e-05,-0.000690984,-0.000365851
462.981,0.0241363,-0.16454,-9.63582,0.000429397,-0.000603784,0.000310204
462.988,0.0244935,-0.165445,-9.63576,-0.00161533,0.000257673,-0.00032928
462.994,0.0244204,-0.15755,-9.64114,0.000472989,-3.3012e-05,-0.000846486
463.006,0.0112343,-0.153321,-9.63146,0.000599955,0.000486181,0.0016002
463.013,0.0119492,-0.172844,-9.68,-0.000410805,8.49921e-05,-2.08197e-05
463.019,0.0203519,-0.171788,-9.63948,-0.000342804,-0.000159878,-0.00184844
463.025,-0.00498147,-0.174154,-9.63443,0.000458137,0.00069351,-0.00123916
463.031,0.00815321,-0.175015,-9.65934,0.000850593,0.00230063,-0.000101408
463.038,0.0253855,-0.187257,-9.68572,0.00014196,-0.001149,-0.000512723
463.044,0.00872359,-0.168633,-9.66565,-0.00107853,-0.00170487,-0.00148331
463.05,0.0186115,-0.157672,-9.6195,0.000332725,-0.000687819,-0.00017044
463.056,0.0177493,-0.181032,-9.62451,0.000978007,0.000511261,-0.000514848
463.063,-0.0085185,-0.17716,-9.69999,0.000520095,-0.000407216,0.000220012
463.069,0.0138359,-0.186436,-9.66756,-0.000721344,-0.00135829,0.000154678
463.075,0.0262953,-0.180375,-9.61717,0.000567043,-0.00016345,-0.000528227
463.081,0.0193004,-0.182105,-9.62259,-2.11878e-05,0.00109941,-0.000347578
463.088,0.0206042,-0.182285,-9.65884,0.000115593,0.000353205,0.000353749
463.094,0.019731,-0.155517,-9.65013,-0.000120871,-0.000363392,-0.00099125
463.1,0.0275904,-0.174277,-9.60875,-0.000771737,-0.00100615,-0.000286269
463.106,0.0126364,-0.169207,-9.65768,-0.000370545,0.000407675,-0.000309354
463.113,0.0133839,-0.181678,-9.69469,0.00111865,0.000386927,-0.000960734
463.119,0.0274143,-0.183236,-9.68713,0.00104031,-0.00105587,-0.00178924
463.125,0.0331422,-0.190173,-9.6585,0.000540328,-0.000362551,-0.000567753
463.131,0.00532892,-0.169841,-9.67517,0.00102076,0.000490114,-5.97592e-05
463.138,-0.0100343,-0.176795,-9.66796,-0.000789976,9.2784e-05,-0.00063809
463.144,0.0355894,-0.146374,-9.70143,0.00112375,-0.000162317,-0.000355077
463.15,-0.00171257,-0.16788,-9.63356,0.00114224,-0.00114867,-0.000814884
463.156,0.0356252,-0.182799,-9.58861,-0.000683209,-0.000330718,-0.000404936
463.163,0.0078168,-0.17319,-9.61284,0.000652794,0.000594384,-0.000745717
463.169,0.0281348,-0.164966,-9.66543,0.000830678,-0.000628902,-0.00106469
463.175,0.0185524,-0.161892,-9.66443,-0.000668157,-0.000412781,-0.00066316
463.181,0.00175092,-0.168576,-9.63385,0.000106052,-0.000663037,-0.00117211
463.188,0.00608196,-0.206214,-9.62657,0.000970022,0.00186628,-0.000202542
463.194,0.0180458,-0.186012,-9.66047,0.00113117,0.000244319,0.000617015
463.2,0.01213,-0.176394,-9.64975,-0.00205393,-0.000549691,-0.000275438
463.206,0.0125627,-0.178214,-9.6006,-0.000749213,-0.000593998,-0.000271232
463.213,0.0171099,-0.152146,-9.61541,0.00115063,0.000871132,-0.00044957
463.219,0.00193856,-0.186448,-9.65941,0.0009734,0.000732919,-0.000978319
463.225,0.000333031,-0.163806,-9.67797,0.000155163,-0.000393427,-0.000798682
463.231,-0.000511012,-0.191429,-9.66874,-0.000142444,0.000409873,-0.00037455
463.238,0.0146378,-0.155459,-9.62797,-0.000744514,-0.00031276,-0.00136055
463.244,0.0296455,-0.153057,-9.64687,0.000320006,0.000807985,-0.000332088
463.25,0.00308494,-0.158767,-9.67321,-0.000267596,0.00114067,9.19765e-05
463.256,0.00024329,-0.176663,-9.6544,-0.000886333,-2.90229e-06,-0.000429132
463.263,0.0346783,-0.156134,-9.63072,-0.000865145,-0.000312147,-0.00059812
463.269,-0.0147858,-0.162771,-9.66523,0.00108418,0.000894853,-0.00101341
463.275,0.0168701,-0.188892,-9.63836,0.000816726,0.00180412,-0.00108022
463.281,0.00555789,-0.190409,-9.65971,0.000396218,0.000855459,-0.000762436
463.288,0.0185432,-0.162055,-9.65709,0.00123603,0.00160487,0.000142546
463.294,0.0249483,-0.171112,-9.65539,3.40356e-05,6.19667e-06,0.000195819
463.3,0.00334912,-0.171481,-9.65877,-5.26633e-05,8.88077e-05,-0.000655722
463.306,0.0201703,-0.178877,-9.65833,0.000364913,-0.000560324,-0.000999128
463.313,0.0140637,-0.187572,-9.64159,0.000251572,0.000471564,4.81242e-05
463.319,0.00420715,-0.166359,-9.64956,-0.000670882,0.00081651,-0.000836437
463.325,0.0060859,-0.16266,-9.62537,0.000145052,0.000519951,-0.00102917
463.331,-0.00275955,-0.177532,-9.68417,0.0010821,0.000494483,3.05139e-05
463.338,0.0286908,-0.177571,-9.68778,-0.00106555,-6.27051e-05,0.00028632
463.344,0.0113461,-0.171194,-9.62527,-0.00067301,-6.81421e-05,-0.000721247
463.35,0.00626132,-0.204794,-9.6364,-6.57875e-05,0.000485884,-0.000748732
463.356,0.0115496,-0.165451,-9.68882,0.00108036,0.00116009,0.000622407
463.363,0.018412,-0.171454,-9.68313,-0.00115916,-0.00048813,-0.00050383
463.369,0.0177909,-0.157704,-9.63603,-5.96349e-06,-0.00139603,0.00054857
463.375,0.00980815,-0.159536,-9.68417,0.000515681,-7.89188e-05,-0.00169384
463.381,0.0142747,-0.186106,-9.68237,0.00114546,-2.287e-05,-0.000754423
463.388,0.0310139,-0.169544,-9.70193,-0.00092174,0.00055438,-0.000819646
463.394,0.0329085,-0.176543,-9.63799,-0.000464278,-0.000180069,0.0001421
463.4,0.0308035,-0.164412,-9.62242,-4.41244e-05,0.000801805,-0.00100003
463.406,0.0367772,-0.157656,-9.67427,0.000981346,0.000171399,-0.000527688
463.413,0.0317875,-0.173631,-9.67364,-0.00101087,-0.000314307,-8.40146e-05
463.419,-0.00343208,-0.177519,-9.62315,-0.00102569,-5.39625e-05,-0.00127083
463.425,0.0165543,-0.181405,-9.63457,0.000760732,0.000281301,-0.001128
463.431,0.0291739,-0.179589,-9.63648,0.00075351,-0.000477052,-0.00110876
463.438,0.0112428,-0.166778,-9.69028,0.000267313,-0.000845418,-7.01472e-06
463.444,0.00749418,-0.155884,-9.63927,-8.97748e-05,-0.000264095,-0.000259101
463.45,0.0172633,-0.149922,-9.61023,-0.000102898,0.00130855,-0.000720106
463.456,0.0062944,-0.146569,-9.66412,-0.000555363,0.000457819,-0.00143851
463.463,-0.00341913,-0.175899,-9.68824,0.000789393,-0.000779253,-0.000688071
463.469,0.00091748,-0.182625,-9.68077,0.000235287,-0.00111348,0.000821155
463.475,0.0117551,-0.159977,-9.6054,8.46903e-05,0.0010846,-0.000913735
463.481,-0.0124025,-0.165615,-9.62971,0.00170122,0.000667632,-0.000270328
463.488,0.0398811,-0.179345,-9.67937,0.000606636,-0.000574868,-0.00124982
463.494,0.0171495,-0.160766,-9.64313,-0.000184124,0.000380764,-0.000707975
463.5,0.00739961,-0.157955,-9.6256,0.000953615,-0.000436957,2.19792e-07
463.506,0.0201182,-0.171107,-9.62981,0.000214919,0.000412155,-0.00019181
463.513,-0.00813845,-0.184218,-9.63809,-0.000444983,-0.000273718,-4.09689e-06
463.519,0.0252191,-0.198422,-9.686,-1.41754e-05,-0.000507224,-0.00065696
463.525,-0.0026314,-0.194546,-9.66311,-0.000177234,-0.000636668,0.000318839
463.531,0.0262204,-0.193943,-9.62739,0.000842833,0.000875254,6.0481e-05
463.538,0.0321473,-0.200195,-9.68089,0.000308886,1.11858e-05,-0.00175762
463.544,0.0197236,-0.188021,-9.66018,-0.000827277,-0.000663955,-0.000211972
463.55,0.0260749,-0.157385,-9.65265,-0.0006254,-0.000880615,0.000520211
463.556,0.0267137,-0.159958,-9.63543,-7.07635e-05,-4.85865e-05,-0.000816843
463.563,0.018852,-0.158557,-9.67703,0.000416766,0.00128516,0.000197282
463.569,0.0312297,-0.182972,-9.70883,-0.0006344,-0.000333423,-0.000731535
463.575,0.0182806,-0.163574,-9.69764,0.000897712,-0.000134839,-0.0003262
463.581,0.0200408,-0.191109,-9.66163,-0.000116825,-0.000568833,-0.000284682
463.588,0.0206061,-0.172414,-9.65566,0.00104568,0.00167798,-0.000508862
463.594,0.0260189,-0.181497,-9.66926,0.000740017,0.000392363,-0.000617929
463.6,0.017072,-0.171089,-9.65408,0.000271941,-0.00135698,-0.00160139
463.606,0.00789761,-0.181074,-9.64847,0.000433312,-0.00146884,-0.00159677
463.613,0.0206358,-0.175342,-9.63383,-0.000598117,0.000453479,0.000861757
463.619,0.0116837,-0.169669,-9.66028,0.000620221,0.000894662,0.000702197
463.625,0.0183529,-0.188671,-9.64863,-0.00113964,-0.000167327,-0.00163004
463.631,0.0208042,-0.171246,-9.64644,-0.000790155,-0.000219287,-0.000580033
463.638,0.00584901,-0.191689,-9.64122,-0.000106597,-0.000848487,-0.000420807
463.644,0.00291954,-0.173199,-9.65117,0.000898166,0.000512053,-0.000552664
463.65,0.0269109,-0.190538,-9.66656,0.000172927,0.000366695,-0.000641452
463.656,0.0171768,-0.173995,-9.67046,-0.00141985,-8.81422e-05,-0.000236392
463.663,0.0110382,-0.158737,-9.62364,0.000175422,0.000252926,-0.000298681
463.669,0.00734542,-0.171768,-9.64751,-0.0010117,0.000334956,-0.000249807
463.675,0.0219249,-0.16803,-9.6511,0.000608316,0.000363131,-0.00109895
463.681,-0.00641756,-0.196033,-9.64605,-3.04179e-05,-0.000807058,-0.000377129
463.688,0.0274017,-0.156352,-9.67411,-0.000436227,-0.00103105,-0.000762879
463.694,0.0188149,-0.15199,-9.63451,-0.000123682,-0.00106942,-0.000445555
463.7,0.0130123,-0.199237,-9.63094,0.000414256,4.89451e-05,-2.99215e-05
463.706,0.011415,-0.1625,-9.66547,-0.00136933,2.14176e-05,-0.00133245
463.713,-0.00419546,-0.162396,-9.64984,8.7911e-05,0.000284918,-2.90917e-05
463.719,0.0212094,-0.152414,-9.65303,-0.000417675,0.000784307,-0.00030503
463.725,0.0342351,-0.173304,-9.6618,0.000837601,-0.000248289,0.000337126
463.731,0.0287502,-0.167811,-9.6479,0.000772491,0.00111549,8.74698e-06
463.738,0.0444353,-0.186218,-9.6683,0.000300707,-0.00110509,-0.000701509
463.744,0.017161,-0.17807,-9.67131,0.000155061,-0.000336697,-0.000897929
463.75,0.0139578,-0.177487,-9.62339,0.000688993,6.49056e-05,-0.000275886
463.756,0.00216708,-0.174151,-9.61589,5.73858e-05,0.000606984,9.59542e-06
463.763,0.0260209,-0.182041,-9.65322,-0.000229666,-0.0006412,-1.08164e-05
463.769,-0.00981658,-0.164003,-9.62825,0.000918039,0.000172937,-0.000661467
463.775,0.00556287,-0.185791,-9.65688,-0.000772698,0.000650097,-0.00117952
463.781,0.0258016,-0.17846,-9.67447,-0.000222614,-0.000385557,8.83443e-05
463.788,0.00501962,-0.182848,-9.6811,-0.00105355,0.000516234,-0.000675169
463.794,0.0184444,-0.167032,-9.66137,0.000812471,-0.000393003,-0.000942467
463.8,0.0142699,-0.163064,-9.62779,-0.000370077,-2.93363e-05,-0.000856479
463.806,0.0148115,-0.181868,-9.62807,-0.000143389,0.000423,-0.000522868
463.813,0.0139443,-0.159995,-9.65141,0.00102524,7.43067e-06,0.000589753
463.819,0.0269703,-0.167065,-9.66565,0.000385141,0.000622407,0.000995317
463.825,0.00972157,-0.186097,-9.67162,-0.000583276,0.000470823,0.000564617
463.831,0.0326514,-0.171755,-9.63507,0.000749158,-7.08199e-05,-0.000761036
463.838,0.0146368,-0.164494,-9.66383,0.000584514,0.000422164,-0.000894075
463.844,0.0243916,-0.179335,-9.68162,0.000676468,-0.000172247,0.000620873
463.85,0.00354756,-0.151194,-9.64594,-0.000382957,0.000513796,-0.0012466
463.856,0.0303459,-0.149716,-9.63353,0.000136383,-0.00029754,-0.000103964
463.863,0.0115446,-0.177076,-9.62965,0.000209408,0.000445537,-0.000790978
463.869,0.0125406,-0.157735,-9.65787,-0.00025454,0.000509381,-0.00115863
463.875,0.000272847,-0.168737,-9.66751,0.000730359,-0.000276804,-0.00128742
463.881,0.0247856,-0.182415,-9.64825,2.89765e-05,-0.000106401,-0.00027042
463.888,0.0280547,-0.190335,-9.6543,7.67503e-05,8.87203e-05,0.000608578
463.894,0.0196168,-0.180263,-9.63004,0.000955607,0.000874843,-3.16156e-05
463.9,0.0231258,-0.172082,-9.63303,-0.00125008,-0.000643902,-0.000280342
463.906,0.0202285,-0.162246,-9.63352,0.000604629,0.000417017,-0.000206238
463.913,0.0198993,-0.178749,-9.66302,0.000765581,0.00135674,0.000103419
463.919,0.0178344,-0.187363,-9.68242,-0.00040486,0.000523767,-0.00116275
463.925,3.66441e-05,-0.193586,-9.64124,-0.00014501,-0.000384675,-0.000729498
463.931,0.0133871,-0.174333,-9.66219,-0.000138242,-0.00064191,-0.000347361
463.938,0.0155331,-0.178793,-9.67486,0.000873063,1.03753e-05,-0.00170003
463.944,0.00655098,-0.174106,-9.64933,0.000314657,-0.00103618,-0.000476941
463.95,0.0235566,-0.180131,-9.64625,0.00120795,-0.00100347,-0.000827185
463.956,0.0103255,-0.183318,-9.64114,0.000212718,-0.000543599,-0.000248628
463.963,0.000536167,-0.192102,-9.64409,-0.000920991,0.000160543,-0.000371236
463.969,0.015296,-0.165529,-9.63337,-0.00108848,0.00129919,-0.00197818
463.975,0.0141699,-0.168362,-9.64765,0.001122,-0.00114762,-0.000792579
463.981,0.0345257,-0.190811,-9.68402,-0.000687655,0.000518266,-0.0010876
463.988,0.00722142,-0.167296,-9.65079,0.000376739,-0.000856027,-0.000673463
463.994,0.0263792,-0.171693,-9.66282,-0.000281256,-0.000240348,-0.00120708
464.006,0.0242133,-0.141282,-9.63741,-0.000667001,-0.000255904,0.000234333
464.013,0.0242708,-0.192559,-9.60359,-0.000532398,0.000523196,0.000104783
464.019,0.0275909,-0.184946,-9.65491,-9.4733e-05,-0.000439391,0.000713469
464.025,0.0133595,-0.154247,-9.68084,0.000450898,0.000859563,-0.000415619
464.031,0.0272584,-0.168049,-9.64874,-0.000418076,-0.000671631,-5.80763e-05
464.038,0.0246349,-0.181447,-9.6446,0.00165676,-0.00107021,-0.000816103
464.044,0.0168181,-0.182635,-9.64854,0.000180631,0.00122413,0.000173287
464.05,0.0136754,-0.181355,-9.68117,0.000974638,-0.00106701,-0.000528298
464.056,0.0163227,-0.177592,-9.63989,-0.00130717,-0.000416064,0.00110017
464.063,0.0361761,-0.183412,-9.63644,0.000264852,1.73855e-05,5.56437e-05
464.069,0.0341964,-0.163361,-9.65681,-6.87207e-05,0.000928518,-0.000852028
464.075,0.0274747,-0.178283,-9.68791,0.00090009,0.000167653,-0.000475976
464.081,0.0024098,-0.151813,-9.6513,-0.00083508,-0.00116929,9.4818e-06
464.088,0.0370306,-0.173414,-9.65207,0.001176,-0.000624295,-0.000146782
464.094,0.0149213,-0.182166,-9.65782,-0.000431076,-0.000857456,-0.00141715
464.1,0.0137767,-0.178758,-9.66148,-0.000523489,-0.0012928,0.000100785
464.106,0.0266888,-0.193803,-9.65303,0.000993137,0.000436106,-8.7278e-05
464.113,0.0201873,-0.16428,-9.63093,0.000687154,-0.000465821,-0.000424796
464.119,0.0211057,-0.172068,-9.66098,-0.000450417,0.000233445,-0.00103854
464.125,0.0129142,-0.193703,-9.70433,0.000210613,-7.2446e-05,1.31316e-06
464.131,-0.029201,-0.189915,-9.65861,0.000346562,0.000527434,-0.001621
464.138,0.0117389,-0.177049,-9.64239,0.000538628,0.000276203,0.000431423
464.144,0.0219394,-0.172885,-9.66923,0.000560587,0.000343089,-0.00124706
464.15,0.0273239,-0.190776,-9.64785,-0.000764865,-0.00044223,-0.000654556
464.156,0.0106978,-0.16758,-9.64486,0.000359665,0.000265451,-0.000284757
464.163,0.0111284,-0.179658,-9.66571,-0.000431456,0.000451666,-0.000452074
464.169,0.0036943,-0.164789,-9.63548,-0.000582086,-0.000108631,-0.000907334
464.175,0.0350461,-0.185258,-9.62212,-0.00085126,0.000824983,-0.000371274
464.181,0.0170619,-0.192805,-9.61596,8.14958e-05,-5.3482e-05,-0.000312289
464.188,0.0127724,-0.184138,-9.65806,0.000578385,-0.000588663,-0.00074239
464.194,0.0182347,-0.171102,-9.64021,-0.00132723,0.000382392,-0.000845497
464.2,0.0170431,-0.193515,-9.70015,0.000149299,-0.000374678,-0.000267487
464.206,0.0191249,-0.194198,-9.67586,-3.38394e-05,0.00129048,-0.000703379
464.213,0.0353723,-0.17211,-9.67133,0.000146925,-0.000681223,-0.000257661
464.219,-0.013294,-0.178419,-9.67021,6.89505e-05,-0.000785687,-0.00169432
464.225,0.00621971,-0.173365,-9.65982,-0.000241669,2.46428e-05,0.000470866
464.231,0.0159721,-0.176318,-9.63469,0.000144346,0.000116614,0.000687121
464.238,0.0285759,-0.161073,-9.60271,0.000417762,0.00119313,-0.00149645
464.244,0.00765348,-0.16893,-9.66539,-0.00079175,0.000820362,0.000471838
464.25,0.0015273,-0.184449,-9.65045,-0.000323082,-0.000365762,-0.00129675
464.256,0.00850812,-0.176365,-9.63958,-0.00146122,0.000121571,-0.000594102
464.263,0.0232163,-0.166367,-9.62113,-0.000168947,-2.7006e-05,-0.000564452
464.269,0.0221879,-0.175022,-9.66777,-0.000797178,0.000415678,-0.000117158
464.275,-0.00452977,-0.172166,-9.63577,0.000245291,-0.00131474,-0.00111859
464.281,0.0105824,-0.180464,-9.67626,0.000525575,0.00063291,-0.000912371
464.288,-0.00732948,-0.194868,-9.69582,-0.000642095,-0.00057712,3.46471e-05
464.294,0.0150433,-0.171569,-9.6104,0.000669635,0.00048408,-0.000765097
464.3,0.0228556,-0.184787,-9.66984,1.46395e-05,7.76152e-05,-0.000536909
464.306,0.0190889,-0.176689,-9.66762,0.00126557,-0.000840352,-0.000492783
464.313,0.0245092,-0.182543,-9.68229,0.000173468,1.29464e-05,-0.000416726
464.319,0.0310072,-0.177127,-9.66259,-0.000403999,-0.000274579,-0.000242343
464.325,0.0221211,-0.16025,-9.64675,-0.00187419,-0.000212984,-0.00106107
464.331,0.00176352,-0.171173,-9.65657,0.000241281,0.000515777,-0.000401787
464.338,0.0276083,-0.179443,-9.62623,9.08342e-06,0.000972786,9.09949e-05
464.344,0.0157483,-0.175837,-9.63018,0.00033034,-0.000736599,-0.00111482
464.35,0.0164185,-0.17823,-9.69449,0.000159487,-0.000372474,-0.000471077
464.356,0.0114026,-0.177094,-9.62329,-0.000808444,-0.000416439,0.000260152
464.363,0.0469909,-0.159231,-9.67833,0.000425505,-0.000103395,-0.000311943
464.369,0.0174135,-0.169982,-9.63644,-0.000171668,-0.000206769,0.000410127
464.375,0.005922,-0.187474,-9.63099,0.000137873,0.000902212,-0.000214997
464.381,0.0361363,-0.176657,-9.65944,-0.00094068,0.0003629,-0.00146263
464.388,0.0249526,-0.154244,-9.63379,0.000233504,-4.83459e-05,-0.00127153
464.394,0.00960536,-0.189061,-9.66779,0.000507098,0.0006883,-0.00170805
464.4,0.0185924,-0.180462,-9.66971,-0.00159458,0.00116434,-0.00100168
464.406,0.0221865,-0.169216,-9.66932,0.000836541,-0.000265783,-0.0014612
464.413,0.0111271,-0.199707,-9.60213,-0.000672931,-2.57118e-05,0.000875252
464.419,0.0241542,-0.187133,-9.66577,-0.000466225,0.000545548,-6.57775e-05
464.425,0.00942552,-0.184578,-9.6672,-0.000706472,0.00104852,-0.000235775
464.431,0.0130225,-0.16462,-9.64024,-0.000301503,-0.0014691,-2.70102e-05
464.438,0.00960966,-0.163582,-9.66611,0.000756534,0.00120735,-0.000424148
464.444,0.00690413,-0.135479,-9.67537,-0.000584332,-0.000124788,0.000120473
464.45,-0.00182428,-0.182519,-9.64573,0.000675614,0.000184642,-0.000286735
464.456,0.000642319,-0.154354,-9.66094,-5.49015e-07,-1.549e-05,-0.000615418
464.463,0.013585,-0.18467,-9.59503,-0.000184186,2.41508e-05,-0.000684747
464.469,0.0228901,-0.177421,-9.66834,-0.000737198,-0.00118963,-0.000377913
464.475,0.0141805,-0.178962,-9.67234,0.000448999,-0.00111452,-0.000423378
464.481,0.0390689,-0.17559,-9.64175,-0.000348459,0.000463091,-0.000445251
464.488,-0.0120461,-0.159859,-9.64505,-0.000878857,-2.302e-05,-0.000200161
464.494,0.0125129,-0.158396,-9.66242,0.00118838,0.000511727,-0.000514138
464.5,0.009485,-0.172326,-9.68459,0.000658471,-0.000601176,-0.000594513
464.506,0.0141681,-0.168349,-9.62416,-0.000374871,-0.000330755,-0.00106038
464.513,0.0209782,-0.172567,-9.65165,0.000938226,-0.000296915,0.000226271
464.519,0.018198,-0.175717,-9.66305,-0.000292988,-0.000329406,0.000179259
464.525,0.00187773,-0.178059,-9.68541,0.000485266,-0.000188035,-0.000526637
464.531,0.0289581,-0.159128,-9.63672,-0.000249822,-0.000540303,-2.79583e-06
464.538,0.0254621,-0.171363,-9.63055,0.000569894,-0.00153631,-0.00138571
464.544,0.0165641,-0.172468,-9.62689,0.00155479,8.42256e-05,-0.000785973
464.55,0.0206878,-0.171834,-9.6334,-0.000724356,-3.89602e-05,-0.000586536
464.556,-0.00395137,-0.165898,-9.65969,0.000366178,0.000828859,0.00041054
464.563,0.0134236,-0.181955,-9.65586,-0.000133651,-0.000324861,-0.00178491
464.569,0.00982495,-0.164423,-9.66065,0.000381913,-7.92553e-05,0.000186909
464.575,0.0148849,-0.16749,-9.63345,-0.000742,-0.000463273,-9.70885e-05
464.581,-0.0192399,-0.206182,-9.6629,0.000150067,0.000322315,-0.000463502
464.588,0.0164913,-0.181598,-9.65747,-3.19013e-05,-0.000545291,0.00037784
464.594,0.00653273,-0.166556,-9.64646,0.000237441,-0.000201517,-0.000552939
464.6,0.0276902,-0.179219,-9.69694,0.00016101,-0.000490392,-0.000324346
464.606,-0.00619591,-0.175358,-9.66323,-0.000452501,-0.000430754,-0.00109522
464.613,0.0209278,-0.163818,-9.63586,-0.000537832,0.00111338,0.000787945
464.619,-0.00474557,-0.185946,-9.65536,0.0008318,5.00409e-05,-0.000300808
464.625,-0.00343159,-0.187538,-9.64382,0.000590567,-2.18352e-05,-0.000900369
464.631,0.00417908,-0.175813,-9.6667,0.000945536,-0.000605091,-0.000943098
464.638,0.0214148,-0.194152,-9.6639,-0.00065566,-0.000590535,-0.000182563
464.644,0.0159367,-0.185656,-9.65205,0.000583247,0.000312248,0.00064065
464.65,0.0312572,-0.154674,-9.62264,0.00140062,2.61408e-05,-0.00101031
464.656,0.0327012,-0.144453,-9.65852,0.000776852,0.000289306,-0.000824433
464.663,0.0258383,-0.167514,-9.6527,-0.000887077,0.000134401,-0.000586752
464.669,0.0228449,-0.150721,-9.65549,-0.000791095,-0.000542011,-0.000331907
464.675,0.00833477,-0.151397,-9.63982,0.0010277,0.000592628,0.000818423
464.681,0.0309174,-0.164499,-9.64044,-0.00022451,-7.75515e-05,-0.000729128
464.688,0.0103379,-0.17851,-9.63236,-0.000508997,0.000309784,-0.000120184
464.694,0.00115003,-0.17922,-9.63742,0.000106826,-3.92647e-05,-0.000298821
464.7,0.0305892,-0.178508,-9.63486,0.000134698,0.00118871,-0.00069353
464.706,0.00171897,-0.177122,-9.68203,0.00055507,-0.000488119,-0.000590831
464.713,0.0271407,-0.157331,-9.63553,-0.00107655,-5.46108e-05,0.000608477
464.719,0.010253,-0.192673,-9.65507,-0.000190028,-0.00107299,0.000140592
464.725,0.0138151,-0.159072,-9.64193,-0.000707014,0.00033102,-0.00103137
464.731,0.00760784,-0.163926,-9.63522,-0.000231132,0.000103405,0.000148809
464.738,0.0178331,-0.180266,-9.6306,0.00010859,8.02514e-05,-0.000270884
464.744,0.0177409,-0.168005,-9.66838,-2.19466e-05,0.000346208,-0.000202717
464.75,0.0153516,-0.172603,-9.69654,0.000491925,5.39917e-05,-0.000124846
464.756,0.0164438,-0.191529,-9.66579,-0.00119897,0.00112403,-0.000925036
464.763,0.0292395,-0.171737,-9.6628,-0.000503581,-0.000534775,-0.000962126
464.769,0.00821362,-0.196545,-9.64129,0.00101116,-0.00138539,-0.000642649
464.775,0.0034174,-0.188076,-9.6327,0.000489211,0.000554116,-0.000378417
464.781,0.0254812,-0.166528,-9.64839,0.00152511,0.000496206,-0.000699761
464.788,0.0270677,-0.177203,-9.64633,0.000202776,-0.00125704,-0.00134221
464.794,0.0350497,-0.162733,-9.66546,0.000694593,0.000108181,-0.000390807
464.8,0.00964135,-0.16677,-9.66179,-0.00158915,-0.000203205,-0.00136838
464.806,0.0188793,-0.170852,-9.64553,0.00191368,0.000393921,0.000601596
464.813,0.0280963,-0.154039,-9.64573,-0.000684936,-0.000115734,-0.00086802
464.819,0.0354087,-0.181244,-9.65373,0.00145944,0.000219759,0.000386009
464.825,0.0363927,-0.183303,-9.67771,0.000715839,0.000902601,-0.00144964
464.831,0.0317809,-0.171625,-9.6643,0.0007319,0.000361053,2.06316e-05
464.838,0.0244721,-0.182881,-9.64136,5.07454e-05,0.00105226,-0.0012128
464.844,0.0225697,-0.168994,-9.64717,7.55163e-05,0.000204281,-0.00114887
464.85,0.0256318,-0.173333,-9.65895,-0.00142775,0.000832412,0.000127622
464.856,0.0456416,-0.157683,-9.62548,0.0014578,0.000295147,0.000429313
464.863,0.0384584,-0.147495,-9.64429,-8.52537e-05,-0.000247517,-0.000632548
464.869,0.0162112,-0.177124,-9.60608,0.000535845,0.000541701,-0.00102994
464.875,0.015334,-0.194163,-9.67274,-0.000805719,0.000661201,0.000128397
464.881,0.0293581,-0.175755,-9.63239,-0.000653311,-0.000123517,-0.0010485
464.888,0.0165406,-0.187924,-9.66078,-0.000111072,-4.47134e-06,0.000368933
464.894,0.0309334,-0.183025,-9.61646,0.000905502,-0.000299337,-0.000998084
464.9,0.00369183,-0.200882,-9.65881,-0.000438627,-8.37289e-05,-0.000960806
464.906,0.0160382,-0.166753,-9.6747,0.000250964,0.000103139,-0.00064323
464.913,0.0191607,-0.161641,-9.59634,0.00125881,0.000303844,-0.00141194
464.919,0.00370849,-0.140494,-9.64241,-0.000266913,0.000210575,0.000531316
464.925,-0.0260713,-0.18285,-9.73707,0.000681193,0.000307882,-0.000754045
464.931,0.00280831,-0.177438,-9.61642,0.00293152,-0.000364318,-8.82093e-05
464.938,0.0361417,-0.148139,-9.65245,-0.00166021,0.000747096,0.000753195
464.944,0.00575798,-0.153596,-9.60465,0.000515606,0.0011221,-0.000669608
464.95,0.0319471,-0.162163,-9.68519,-0.00013476,-0.000183834,0.000345283
464.956,0.0156844,-0.173072,-9.68929,-0.00103177,-0.000197873,-0.000864973
464.963,0.0182255,-0.181387,-9.69575,-0.00102994,0.000615551,0.000113255
464.969,0.0181341,-0.13998,-9.48735,0.00095196,-0.00159723,-0.00037472
464.975,0.0229626,-0.191458,-9.8008,-0.00166037,0.00154985,-0.000979926
464.981,0.0227009,-0.171395,-9.53295,0.00413575,0.00108086,0.000385046
464.988,0.00786393,-0.171933,-9.84516,-0.00313083,2.51844e-05,-0.00146927
464.994,0.0199682,-0.149706,-9.58759,0.00310541,0.000803758,0.000111929
465.006,0.0263047,-0.192094,-9.66584,0.00240913,0.00167821,-0.00109965
465.013,0.00580363,-0.167665,-9.5914,-0.00158328,-0.0012218,0.000280365
465.019,0.0220785,-0.201937,-9.69306,-0.000418198,4.64153e-05,-0.00108347
465.025,-0.000696618,-0.153259,-9.57473,0.000151307,-0.000903018,0.000308202
465.031,0.0229509,-0.2096,-9.71679,-0.000350934,0.000589607,-0.00105474
465.038,0.0218963,-0.173293,-9.55496,0.00097498,-0.000601782,-0.000562957
465.044,0.00770395,-0.178425,-9.6818,-0.000252999,0.000562959,-0.0011307
465.05,0.00445489,-0.171494,-9.63437,0.000673183,0.00085737,-0.000684608
465.056,-0.0139083,-0.163478,-9.7205,-0.000427574,-0.000296476,-0.0010253
465.063,0.0233038,-0.189768,-9.61746,0.000968638,-0.000381033,0.000186748
465.069,0.00707741,-0.185634,-9.6927,-0.000206444,0.000319221,-0.00163845
465.075,0.0064234,-0.160784,-9.58385,0.000323042,6.56248e-05,-0.000270913
465.081,-0.00401198,-0.187108,-9.66943,-0.000607479,0.000687118,-0.000822314
465.088,0.0323332,-0.208398,-9.65039,-0.000693812,0.00119723,-0.000332286
465.094,0.0143029,-0.16312,-9.71522,-0.000376558,0.000362505,-0.00023165
465.1,-0.00313743,-0.204056,-9.63816,0.000902739,-0.000431271,0.000480596
465.106,0.00600422,-0.171223,-9.70169,0.000375066,-0.000574796,-0.000831915
465.113,-0.000861621,-0.181926,-9.62264,0.000423364,0.000719705,-0.00102567
465.119,-0.000863853,-0.174406,-9.60513,-0.00222644,0.00076433,-0.000215041
465.125,0.0109788,-0.182224,-9.67597,0.00100838,-0.000999173,-0.00132249
465.131,0.0136107,-0.190955,-9.6724,-0.000187059,4.25565e-05,-0.000195848
465.138,0.0114895,-0.16965,-9.66014,-0.000219635,-0.000128536,-4.30215e-05
465.144,-0.0101876,-0.184981,-9.67073,-0.000246826,0.000117431,0.000674466
465.15,0.0373227,-0.161087,-9.66161,-0.000634221,-0.000965811,-0.000185621
465.156,0.0082281,-0.163997,-9.6447,0.00104399,0.000293593,-0.00176218
465.163,0.015619,-0.181007,-9.66533,0.000281924,-0.000678546,-0.00024611
465.169,0.0280578,-0.168512,-9.62365,-2.07219e-05,-0.000501096,0.000375006
465.175,0.0309565,-0.173325,-9.66813,0.000579967,0.0007091,0.000641133
465.181,0.0185808,-0.181359,-9.68424,-9.22054e-05,-0.000392659,0.000310157
465.188,0.0373222,-0.17441,-9.67094,-0.000341358,0.00174372,-0.00105928
465.194,0.023984,-0.194387,-9.64875,0.000448074,3.64783e-05,-0.000446022
465.2,0.0164582,-0.177991,-9.633,-0.000382344,0.000581043,-0.000813272
465.206,0.00929205,-0.174746,-9.66628,0.000107798,-0.00071285,-3.37316e-05
465.213,0.0413154,-0.175102,-9.59498,0.000524024,0.0012097,0.000180708
465.219,0.0178156,-0.176873,-9.67204,-0.000717804,0.000137832,-0.00133086
465.225,0.0311858,-0.202402,-9.6628,0.00132964,-0.000470896,-0.000625552
465.231,0.0219429,-0.178078,-9.66755,-0.000593734,-0.000173806,-0.000720547
465.238,0.0156298,-0.161509,-9.65733,0.000617574,0.00109145,-0.00105468
465.244,0.00510286,-0.154731,-9.67001,-0.000483988,-0.000142887,-0.00142219
465.25,0.00889263,-0.177213,-9.69587,-1.99962e-05,-0.000627414,0.00017829
465.256,-0.0101014,-0.166272,-9.62149,0.00100275,-0.000160987,-0.000604534
465.263,0.0306264,-0.165084,-9.70325,0.000288125,-0.00089715,6.35358e-05
465.269,0.0256584,-0.198229,-9.62495,-0.00131344,0.000717019,-0.000586045
465.275,0.0208102,-0.172105,-9.66551,-0.000179278,0.000138156,0.000728083
465.281,0.0227362,-0.179377,-9.64263,0.000388347,0.000348128,-0.00086644
465.288,0.0216456,-0.168906,-9.63386,5.00353e-05,0.000497155,-0.00106907
465.294,0.0120658,-0.179987,-9.64671,0.000281126,-0.000136576,0.000824786
465.3,0.0277905,-0.169893,-9.64559,0.000492894,0.000587297,-0.000692475
465.306,0.0409782,-0.176369,-9.67257,0.0012744,0.000396134,9.66964e-05
465.313,-0.0101881,-0.183803,-9.69603,0.000167281,0.000418441,5.52926e-05
465.319,0.0186916,-0.184053,-9.65947,-0.000785276,-4.23102e-05,0.000471583
465.325,0.00058694,-0.153514,-9.72475,-0.000940172,0.000383528,-0.000866228
465.331,0.0187023,-0.1756,-9.66311,-0.000669762,-0.000909445,-0.000257283
465.338,0.0536401,-0.152546,-9.64703,-0.000104428,-0.000715781,-0.000499606
465.344,0.00770619,-0.169392,-9.68554,-1.97398e-05,0.000638669,-0.00150397
465.35,0.0408754,-0.179409,-9.65253,-8.65613e-05,0.00020253,-8.22451e-05
465.356,0.0192388,-0.180067,-9.6801,-0.000373782,-0.000587693,-0.000962141
465.363,0.010935,-0.166986,-9.61759,0.000263326,0.00138773,0.000665301
465.369,0.0313372,-0.166451,-9.65389,0.00058443,-0.000592984,-0.000937414
465.375,0.025482,-0.173551,-9.61731,0.00033771,0.000177656,0.000233357
465.381,0.00157878,-0.164954,-9.65934,-0.000183173,0.000690089,-0.00053309
465.388,0.0077644,-0.176735,-9.67251,0.000395648,0.000552073,-0.000721302
465.394,-0.00296071,-0.189601,-9.62059,-0.000418276,0.00126204,0.000371757
465.4,0.0107095,-0.159476,-9.70201,0.000761817,0.00072462,-0.000514425
465.406,0.0048157,-0.189762,-9.64283,0.0013181,-0.00103959,-4.20539e-05
465.413,0.0229083,-0.164524,-9.66476,-0.000261361,-0.000867087,0.00060298
465.419,0.0199768,-0.170766,-9.63072,0.000119052,-0.000489329,-0.000912022
465.425,0.0298122,-0.176151,-9.67459,-0.000236793,9.31027e-05,0.000166154
465.431,0.031742,-0.196607,-9.64199,-0.000940265,-0.000282137,0.000358955
465.438,0.0143088,-0.195213,-9.65493,-0.000679353,0.000148037,-0.00162458
465.444,0.0117673,-0.153569,-9.64386,-0.000364203,-0.000517514,-0.00123285
465.45,0.00844971,-0.193159,-9.65219,0.000208802,-0.00039485,-0.000650272
465.456,0.018428,-0.17805,-9.67359,-0.000308275,6.87576e-05,-0.000940678
465.463,0.00423145,-0.157686,-9.66616,-0.000238756,0.000575532,-0.000285978
465.469,0.0255971,-0.190367,-9.67311,0.000622626,-0.000506048,0.000602194
465.475,0.00169174,-0.17296,-9.65493,-8.28544e-05,-9.43491e-05,0.000171836
465.481,0.0102585,-0.173252,-9.63718,-0.000529971,0.000340144,-0.00106573
465.488,-0.0023132,-0.16046,-9.66561,0.00108991,-0.000103001,-0.00106177
465.494,0.0323009,-0.170201,-9.63915,-0.000954244,-0.000441484,0.000250692
465.5,0.0128914,-0.163318,-9.63799,-0.000196461,-0.000727219,-0.000326238
465.506,0.0297361,-0.17269,-9.63065,0.000381665,-0.000626085,-0.000624066
465.513,-0.00572724,-0.164731,-9.67694,-9.26943e-05,0.000382267,-0.000679644
465.519,0.00548801,-0.173262,-9.67747,0.000484436,0.000483487,-0.000909113
465.525,0.0245729,-0.17361,-9.64769,0.000924565,-0.00135119,-8.18754e-05
465.531,0.029916,-0.195482,-9.6215,-0.00174758,-0.000506922,8.11601e-05
465.538,0.0496075,-0.162083,-9.66005,-0.000274883,0.000979791,-0.000769873
465.544,0.00374373,-0.186008,-9.64738,0.00201957,-0.000507317,-9.68492e-05
465.55,0.0342541,-0.180185,-9.65607,-0.000119461,0.00194347,-0.00155492
465.556,0.0252786,-0.161919,-9.63636,0.000582533,-0.000549971,-0.000991497
465.563,0.0191562,-0.186686,-9.64043,-0.00106327,-0.00124727,-0.000589873
465.569,0.0076866,-0.16735,-9.68748,0.00107176,0.000319086,0.000297927
465.575,0.0253131,-0.166784,-9.64696,-8.2311e-05,-0.000322382,-0.00093718
465.581,-0.00546986,-0.173061,-9.65219,-1.9921e-06,0.000643962,-0.000972966
465.588,0.0243037,-0.196935,-9.64371,0.00190367,0.000751134,0.000167558
465.594,0.0192053,-0.19623,-9.61824,0.00106284,-0.00123006,-0.000294412
465.6,0.00956947,-0.190566,-9.66064,0.00105594,-0.000112103,-0.000884904
465.606,-0.0104294,-0.181719,-9.65267,8.46738e-05,-0.000256453,-0.000875131
465.613,-0.0121129,-0.190587,-9.64517,-0.000270545,-0.000144941,-0.00118248
465.619,0.024538,-0.163123,-9.67287,-0.000184158,-4.85368e-05,-9.90732e-05
465.625,0.00882131,-0.186065,-9.62588,2.07499e-05,0.000704154,0.00105551
465.631,0.0240353,-0.191496,-9.66901,-0.00073854,0.000552752,-0.000929574
465.638,0.00737252,-0.183684,-9.64721,0.000151952,0.000374956,8.96296e-05
465.644,0.0057471,-0.175594,-9.64464,6.18736e-05,7.19865e-05,-0.00108213
465.65,0.00153279,-0.177289,-9.66161,-0.0011186,0.00137808,-0.000830944
465.656,0.0403841,-0.162459,-9.68049,-0.000475558,0.00113525,0.00035097
465.663,0.00974932,-0.179093,-9.62245,0.000620641,-0.000601772,-0.000421064
465.669,0.0173659,-0.182351,-9.65541,-0.00105077,-4.88234e-05,-0.000198613
465.675,0.0230567,-0.178385,-9.64227,-0.00133561,-0.000322457,-0.0011297
465.681,0.0290172,-0.197617,-9.61303,-0.00114959,-1.76217e-05,-0.00105249
465.688,0.0315134,-0.163918,-9.64522,-0.000891728,0.000597944,-0.000476845
465.694,0.018126,-0.193911,-9.6816,9.6783e-05,-0.000640931,0.00043427
465.7,0.0182007,-0.184468,-9.64017,-0.000266304,-0.000853572,-0.000827724
465.706,0.0271522,-0.183761,-9.6581,0.000979503,-0.000509158,-0.000785672
465.713,-0.00180268,-0.194766,-9.64566,-0.000160547,-0.00078678,-0.0013251
465.719,-0.00322307,-0.143469,-9.65293,0.000204024,-0.000348419,-0.000514131
465.725,0.0311077,-0.160138,-9.64144,-0.00109752,0.000523019,-0.000707225
465.731,0.011326,-0.168861,-9.65744,-1.48818e-05,-0.00112811,-0.000554722
465.738,0.0193687,-0.162381,-9.59788,0.00172602,-0.00127822,-0.00165115
465.744,0.00907036,-0.177113,-9.62341,0.000680609,0.00109496,-0.000355408
465.75,0.00119482,-0.189844,-9.61061,-0.000257273,-0.000470424,-0.000923399
465.756,0.00662777,-0.168883,-9.63739,0.00117011,0.000104071,-0.000176924
465.763,0.00247859,-0.157774,-9.63324,-0.00024257,-0.000430868,-0.0010977
465.769,0.042022,-0.179846,-9.62936,0.00113088,0.000370175,-0.000447843
465.775,0.02018,-0.170577,-9.65718,-0.000505922,0.000483528,2.12938e-05
465.781,0.0341531,-0.194825,-9.64713,5.20465e-05,0.000245001,-0.000921651
465.788,0.0119259,-0.157139,-9.66174,-0.000252368,-0.000678167,-0.000605485
465.794,0.0332578,-0.179199,-9.64472,0.000730501,0.000768448,-0.000138097
465.8,0.00150242,-0.155165,-9.67521,0.000809672,0.000741519,-0.000243354
465.806,0.0257217,-0.175286,-9.64212,-0.000665461,-0.000733398,-0.00148532
465.813,0.0296996,-0.187102,-9.62188,0.00118863,0.000722488,-0.00054145
465.819,0.0101051,-0.145643,-9.69115,-0.000963281,0.00101704,-0.001085
465.825,0.0136494,-0.198264,-9.65469,-0.0012111,-0.000288399,-0.000371482
465.831,0.0268293,-0.182861,-9.6625,-0.00117498,-0.000331895,-0.000798034
465.838,-0.00555186,-0.196803,-9.66481,-0.000593256,-0.000198409,-0.000493966
465.844,0.0275656,-0.157675,-9.64155,-0.00097628,0.000942875,-0.00147397
465.85,0.0261165,-0.18038,-9.66555,-0.000487712,-0.000526767,-0.000339712
465.856,0.00821206,-0.174527,-9.65029,0.000154488,-0.000863034,-0.000299568
465.863,0.00167225,-0.169523,-9.68702,-0.000466287,-0.000506156,-0.000648082
465.869,0.00864475,-0.18669,-9.68049,0.000302425,6.21814e-05,-0.000655071
465.875,0.0329006,-0.195801,-9.65529,0.000989345,9.67064e-05,-0.00101152
465.881,0.00347545,-0.174222,-9.65191,0.00135525,0.000665261,-0.00018045
465.888,0.0277575,-0.158327,-9.66897,-0.000351506,0.000420321,0.00100364
465.894,0.0176476,-0.193435,-9.64566,0.00119292,-0.000890631,-0.000252827
465.9,0.00250345,-0.199487,-9.67241,0.000325045,0.000379301,3.95719e-06
465.906,-0.00769558,-0.166415,-9.66115,-0.000224669,-0.000817958,-0.000259386
465.913,0.0328191,-0.168333,-9.63389,-0.000765344,-0.000466836,-0.000895798
465.919,0.0263835,-0.176756,-9.66493,1.18425e-05,0.000533521,-0.000356765
465.925,0.00480836,-0.159841,-9.64669,0.00026959,-0.000181517,0.000422454
465.931,0.0204974,-0.168543,-9.63639,0.000127143,-0.00127746,-0.000837212
465.938,0.0191449,-0.181756,-9.68541,-0.00022075,0.000940737,-0.000490111
465.944,0.0260972,-0.193442,-9.6522,8.50195e-05,0.000345908,-0.000149035
465.95,0.0128236,-0.173736,-9.63572,-0.000868822,-0.00055585,-0.000521606
465.956,0.0126968,-0.175197,-9.65986,0.00101788,-0.000221546,-0.000449467
465.963,0.0515553,-0.17216,-9.66708,0.000506456,0.000118887,-0.000138296
465.969,0.0330122,-0.150982,-9.63867,0.00109305,3.10914e-05,-0.000902129
465.975,0.029027,-0.162073,-9.68003,0.000812127,-0.000248341,0.000165712
465.981,0.027227,-0.203156,-9.6862,0.000160303,0.000526205,-0.000680384
465.988,0.0250428,-0.175166,-9.64863,0.000846355,-0.000477995,-0.000250335
465.994,0.00463171,-0.190383,-9.63988,-0.00101214,-0.000716478,-0.00122599
466.006,-0.00734121,-0.181131,-9.63274,0.000119117,-0.000234697,-0.000901019
466.013,0.0194956,-0.16975,-9.64398,0.000644385,0.00158337,-0.000175814
466.019,0.0148966,-0.168011,-9.65807,-2.90778e-05,-0.000319014,8.14963e-05
